Model,Hidden Dim,Num Layers,Bidirectional,LR,Dropout,Window Size,ExactMatch,Macro F1,Micro F1,Status,GPU,Duration
LSTM-Small-LR1e3-W100,64,1,True,0.001,0.3,100,8.324852432322414,5.6075592587766785,40.398687862730256,Success,0,82.21s
LSTM-Small-LR1e3-W200,64,1,True,0.001,0.3,200,8.650519031141874,5.297652146820771,39.74158679221382,Success,1,84.37s
