Model,Hidden Dim,Num Layers,Bidirectional,LR,Dropout,Window Size,ExactMatch,Macro F1,Micro F1,Status,GPU,Duration
LSTM-Small-LR1e3-W100,64,1,True,0.001,0.3,100,8.324852432322414,5.6075592587766785,40.398687862730256,Success,0,82.21s
LSTM-Small-LR1e3-W200,64,1,True,0.001,0.3,200,8.650519031141874,5.297652146820771,39.74158679221382,Success,1,84.37s
LSTM-Small-LR1e3-W500,64,1,True,0.001,0.3,500,8.508039894158376,4.742688509006124,37.03321730909716,Success,0,98.80s
LSTM-Small-LR5e4-W100,64,1,True,0.0005,0.3,100,7.693873397109723,5.046622489518847,39.05405405405405,Success,1,79.26s
