Model,Past Size,Target Mode,Window Size,ExactMatch,Macro F1,Micro F1,Status
LSTM-Small-LR1e3-W500-P1,1,classification,500,97.33999999999985,40.42322196052087,56.19335347432024,Success
LSTM-Small-LR1e3-W500-P2,2,classification,500,97.28972897289735,42.35395996619905,58.840169731258854,Success
LSTM-Small-LR1e3-W500-P5,5,classification,500,96.80872348939585,35.0129978981701,50.3576537911302,Success
LSTM-Small-LR1e3-W500-P10,10,classification,500,96.55690121108968,32.03031848522617,42.51968503937008,Success
