Model,Past Size,Target Mode,Window Size,ExactMatch,Macro F1,Micro F1,Status
LSTM-Small-LR1e3-W500-P1,1,classification,500,97.50999999999989,47.55036518473529,63.27683615819208,Success
LSTM-Small-LR1e3-W500-P5,5,classification,500,96.71868747499003,30.22861477418602,43.207855973813416,Success
LSTM-Small-LR1e3-W500-P10,10,classification,500,96.43679311380248,23.083442872916557,33.68421052631578,Success
