Model,Hidden Dim,Num Layers,Bidirectional,LR,Dropout,Window Size,ExactMatch,Macro F1,Micro F1,Status,GPU,Duration
LSTM-Small-LR1e3-W100,64,1,True,0.001,0.3,100,99.71133138851096,99.92130113119647,99.9217279415976,Success,0,1416.54s
LSTM-Small-LR1e3-W200,64,1,True,0.001,0.3,200,99.61052647656248,99.87637147779735,99.88348950832572,Success,1,1482.77s
LSTM-Small-LR1e3-W500,64,1,True,0.001,0.3,500,99.34782276663668,99.78297272451132,99.79385701555444,Success,0,1623.81s
LSTM-Small-LR5e4-W100,64,1,True,0.0005,0.3,100,99.67467505689368,99.91185529157053,99.91218960935831,Success,1,1442.96s
LSTM-Small-LR5e4-W200,64,1,True,0.0005,0.3,200,99.59678035220647,99.87181328553741,99.87966949220525,Success,0,1463.11s
LSTM-Small-LR5e4-W500,64,1,True,0.0005,0.3,500,99.33407664227994,99.77932769497993,99.7904109169905,Success,1,1650.43s
