Model,Hidden Dim,Num Layers,Bidirectional,LR,Dropout,Window Size,ExactMatch,Macro F1,Micro F1,Status,GPU,Duration
LSTM-Small-LR1e3-W100,64,1,True,0.001,0.3,100,99.71133138851096,99.92130113119647,99.9217279415976,Success,0,1416.54s
LSTM-Small-LR1e3-W200,64,1,True,0.001,0.3,200,99.61052647656248,99.87637147779735,99.88348950832572,Success,1,1482.77s
