Name,Loss,Exact Match,Macro F1,Micro F1,Time
BestConfig-WFL_DeepKNN,WFL_DeepKNN,6.819033345822402,17.509719265831045,58.558058375634516,209.188485622406
