Name,Loss,Exact Match,Macro F1,Micro F1,Time
BestConfig-WFL_DeepKNN,WFL_DeepKNN,10.678156612963656,38.28218481574586,61.90770180583422,209.45715808868408
