Name,Loss,Exact Match,Macro F1,Micro F1,Time
BestConfig-SmartMemory_WFL,SmartMemory_WFL,6.556762832521574,38.258380501486364,59.781725709038255,236.83700823783875
