Name,Loss,Exact Match,Macro F1,Micro F1,Time
BestConfig-WFL_Memory_V2,WFL_Memory_V2,12.888722367928052,41.67408074269755,63.19949012109623,236.553364276886
