Name,Loss,Exact Match,Macro F1,Micro F1,Time
BestConfig-WFL_DeepKNN,WFL_DeepKNN,17.647058823529395,49.01952238013564,68.17022633088938,211.74536156654358
