Name,Loss,Exact Match,Macro F1,Micro F1,Time
BestConfig-SmartMemory_WFL,SmartMemory_WFL,10.902959910078689,43.45715478454329,62.40548292174173,432.94250988960266
