Name,Loss,Exact Match,Macro F1,Micro F1,Time
BestConfig-BalancedMemory_WFL,BalancedMemory_WFL,10.678156612963683,42.03319710264855,61.9801169155155,487.7994725704193
