Name,Loss,Exact Match,Macro F1,Micro F1,Time
BestConfig-SmartMemory_WFL,SmartMemory_WFL,12.551517422255573,40.53873240694511,60.340927451930845,1292.4646463394165
