Name,Loss,Exact Match,Macro F1,Micro F1,Time
BestConfig-SmartMemory_WFL,SmartMemory_WFL,7.006369426751605,36.53738437044949,58.605040843398726,238.15347170829773
