Name,Loss,Exact Match,Macro F1,Micro F1,Time
BestConfig-SmartMemory_WFL,SmartMemory_WFL,11.539902585237929,40.952286804947754,61.802194554254264,433.40749287605286
