Name,Loss,Exact Match,Macro F1,Micro F1,Time
BestConfig-BestConfig-DeepKNN,BestConfig-DeepKNN,18.096665417759432,50.354299659671334,67.58285532186108,400.87345600128174
