Name,Loss,Exact Match,Macro F1,Micro F1,Time
BestConfig-WFL_DeepKNN,WFL_DeepKNN,10.715623829149495,38.430778918255385,61.92920832207511,210.9144959449768
