Past Size,Micro F1,Macro F1,ExactMatch
1,45.694200351493855,31.44243141667059,97.15000000000032
2,40.707964601769916,28.62545779671023,96.93969396939706
5,36.267605633802816,24.881108937548643,96.65866346538623
10,38.7858347386172,26.585236422192942,96.59693724351902
20,32.871972318339104,21.99022386350624,96.38312794309182
